Workbook

Sheet 附件1
A1: 附件1
A2: 基本公共卫生服务项目经费2022年预拨及2021年结算表
K3: 单位:元
A4: 序号 | B4: 单 位 | C4: 服务人口 （人） | D4: 2022年预拨 | F4: 2021年结算 | I4: 本次实际拨付金额 | K4: 备注
D5: 2022年预拨标准 （元/人） | E5: 2022年预拨金额 | F5: 2021年结算金额 | G5: 已预拨金额 | H5: 本次结算金额 | I5: 省级补助 | J5: 区级补助
A6: 1 | B6: 潭城镇社区卫生服务中心 | C6: 79217 | D6: 25 | E6: =C6*D6 -> 1980425 | F6: =ROUND(附件2!P7,0) -> 4966494 | G6: =C6*70 -> 5545190 | H6: =F6-G6 -> -578696 | I6: 292691 | J6: 1109038
A7: 2 | B7: 屿头乡卫生院 | C7: 14698 | D7: 25 | E7: =C7*D7 -> 367450 | F7: =ROUND(附件2!P8,0) -> 1201059 | G7: =C7*70 -> 1028860 | H7: =F7-G7 -> 172199 | I7: 333877 | J7: 205772
A8: 3 | B8: 大练乡卫生院 | C8: 6731 | D8: 25 | E8: =C8*D8 -> 168275 | F8: =ROUND(附件2!P9,0) -> 507602 | G8: =C8*70 -> 471170 | H8: =F8-G8 -> 36432 | I8: 110473 | J8: 94234
A9: 4 | B9: 苏澳镇卫生院 | C9: 31048 | D9: 25 | E9: =C9*D9 -> 776200 | F9: =ROUND(附件2!P10,0) -> 2142365 | G9: =C9*70 -> 2173360 | H9: =F9-G9 -> -30995 | I9: 310533 | J9: 434672
A10: 5 | B10: 平原镇卫生院 | C10: 20500 | D10: 25 | E10: =C10*D10 -> 512500 | F10: =ROUND(附件2!P11,0) -> 1444331 | G10: =C10*70 -> 1435000 | H10: =F10-G10 -> 9331 | I10: 234831 | J10: 287000
A11: 6 | B11: 白青乡卫生院 | C11: 14937 | D11: 25 | E11: =C11*D11 -> 373425 | F11: =ROUND(附件2!P12,0) -> 1080684 | G11: =C11*70 -> 1045590 | H11: =F11-G11 -> 35094 | I11: 199401 | J11: 209118
A12: 7 | B12: 中楼乡卫生院 | C12: 27471 | D12: 25 | E12: =C12*D12 -> 686775 | F12: =ROUND(附件2!P13,0) -> 2077808 | G12: =C12*70 -> 1922970 | H12: =F12-G12 -> 154838 | I12: 457019 | J12: 384594
A13: 8 | B13: 流水镇中心卫生院 | C13: 43131 | D13: 25 | E13: =C13*D13 -> 1078275 | F13: =ROUND(附件2!P14,0) -> 3106712 | G13: =C13*70 -> 3019170 | H13: =F13-G13 -> 87542 | I13: 561983 | J13: 603834
A14: 9 | B14: 东庠乡卫生院 | C14: 8000 | D14: 25 | E14: =C14*D14 -> 200000 | F14: =ROUND(附件2!P15,0) -> 608147 | G14: =C14*70 -> 560000 | H14: =F14-G14 -> 48147 | I14: 136147 | J14: 112000
A15: 10 | B15: 岚城乡卫生院 | C15: 27775 | D15: 25 | E15: =C15*D15 -> 694375 | F15: =ROUND(附件2!P16,0) -> 1833249 | G15: =C15*70 -> 1944250 | H15: =F15-G15 -> -111001 | I15: 194524 | J15: 388850
A16: 11 | B16: 澳前镇卫生院 | C16: 40893 | D16: 25 | E16: =C16*D16 -> 1022325 | F16: =ROUND(附件2!P17,0) -> 2802351 | G16: =C16*70 -> 2862510 | H16: =F16-G16 -> -60159 | I16: 389664 | J16: 572502
A17: 12 | B17: 北厝镇卫生院 | C17: 31887 | D17: 25 | E17: =C17*D17 -> 797175 | F17: =ROUND(附件2!P18,0) -> 2490180 | G17: =C17*70 -> 2232090 | H17: =F17-G17 -> 258090 | I17: 608847 | J17: 446418
... A20: 15 | B20: 塘屿卫生院 | C20: 4250 | D20: 25 | E20: =C20*D20 -> 106250 | F20: =ROUND(附件2!P21,0) -> 321806 | G20: =C20*70 -> 297500 | H20: =F20-G20 -> 24306 | I20: 71056 | J20: 59500
A21: 16 | B21: 区医院 | F21: =ROUND(附件2!P22,0) -> 50000 | H21: =F21-G21 -> 50000 | I21: 50000 | K21: 孕产妇系统录入
A22: 合 计 | C22: =SUM(C6:C21) -> 386000 | E22: =SUM(E6:E21) -> 9650000 | F22: =SUM(F6:F21) -> 27020000 | G22: =SUM(G6:G21) -> 27020000 | H22: =SUM(H6:H21) -> 0 | I22: =SUM(I6:I21) -> 4246000 | J22: =SUM(J6:J21) -> 5404000

Sheet 附件2
A1: 附件2
A2: 2021年基本公共卫生服务项目补助结算表
Q3: 单位：元
A4: 序号 | B4: 单位 | C4: 基本情况 | J4: 结算金额 | Q4: 备注
C5: 辖区内常住居民数 （人） | D5: 承担公共卫生的村卫生所数 | E5: 空白村数（含邻近代管） | F5: 应补助村卫生所个数 | G5: 补助村所数 | H5: 全年平均家庭签约人数 （人） | I5: 绩效考核评价分数 | J5: 基本公共卫生服务量补助 （附件2-1） | K5: 基本公共卫生疫情防控经费补助 （附件2-2） | L5: 基本公共卫生考核名次奖惩 （附件2-3） | M5: 家庭医生签约服务补助 （附件2-4） | N5: 基本公共卫生考核分数补助 （附件2-5） | O5: 定项目补助 | P5: 结算金额合计
A7: 1 | B7: 潭城镇社区卫生服务中心 | C7: 79217 | D7: 2 | E7: 16 | F7: 18 | H7: 56139 | I7: 96.76 | J7: ='附件2-1'!P5 -> 4027062 | K7: ='附件2-2'!E5 -> 396085 | L7: 80000 | M7: ='附件2-4'!F5 -> 433360 | N7: ='附件2-5'!F5 -> 29986.514 | P7: =SUM(J7:O7) -> 4966493.5 | Q7: 第一名
A8: 2 | B8: 屿头乡卫生院 | C8: 14698 | D8: 8 | E8: 3 | F8: 11 | H8: 16476 | I8: 92 | J8: ='附件2-1'!P6 -> 965027 | K8: 73490 | M8: ='附件2-4'!F6 -> 157252 | N8: ='附件2-5'!F6 -> 5290.0258 | P8: =SUM(J8:O8) -> 1201059
A9: 3 | B9: 大练乡卫生院 | C9: 6731 | D9: 1 | E9: 6 | F9: 7 | H9: 7358 | I9: 89.85 | J9: ='附件2-1'!P7 -> 398297 | K9: 33655 | M9: ='附件2-4'!F7 -> 73284 | N9: ='附件2-5'!F7 -> 2365.9709 | P9: =SUM(J9:O9) -> 507601.97
A10: 4 | B10: 苏澳镇卫生院 | C10: 31048 | D10: 8 | E10: 10 | F10: 18 | H10: 26576 | I10: 95.77 | J10: ='附件2-1'!P8 -> 1745750 | K10: 155240 | M10: ='附件2-4'!F8 -> 229742 | N10: ='附件2-5'!F8 -> 11632.548 | P10: =SUM(J10:O10) -> 2142364.5
A11: 5 | B11: 平原镇卫生院 | C11: 20500 | D11: 9 | E11: 5 | F11: 14 | H11: 14772 | I11: 95.17 | J11: ='附件2-1'!P9 -> 1186370 | K11: 102500 | M11: ='附件2-4'!F9 -> 147829 | N11: ='附件2-5'!F9 -> 7632.4796 | P11: =SUM(J11:O11) -> 1444331.5
A12: 6 | B12: 白青乡卫生院 | C12: 14937 | D12: 8 | E12: 2 | F12: 10 | H12: 12984 | I12: 94.36 | J12: ='附件2-1'!P10 -> 883575 | K12: 74685 | M12: ='附件2-4'!F10 -> 116910 | N12: ='附件2-5'!F10 -> 5513.9527 | P12: =SUM(J12:O12) -> 1080684
A13: 7 | B13: 中楼乡卫生院 | C13: 27471 | D13: 12 | E13: 6 | F13: 18 | H13: 29737 | I13: 95.77 | J13: ='附件2-1'!P11 -> 1627538 | K13: 137355 | M13: ='附件2-4'!F11 -> 302623 | N13: ='附件2-5'!F11 -> 10292.377 | P13: =SUM(J13:O13) -> 2077808.4
A14: 8 | B14: 流水镇中心卫生院 | C14: 43131 | D14: 20 | E14: 6 | F14: 26 | H14: 42692 | I14: 96.25 | J14: ='附件2-1'!P12 -> 2460164 | K14: 215655 | L14: 50000 | M14: ='附件2-4'!F12 -> 364652 | N14: ='附件2-5'!F12 -> 16240.597 | P14: =SUM(J14:O14) -> 3106711.6 | Q14: 第三名
A15: 9 | B15: 东庠乡卫生院 | C15: 8000 | D15: 1 | E15: 7 | F15: 8 | H15: 7967 | I15: 91.11 | J15: ='附件2-1'!P13 -> 470710 | K15: 40000 | M15: ='附件2-4'!F13 -> 94586 | N15: ='附件2-5'!F13 -> 2851.4631 | P15: =SUM(J15:O15) -> 608147.46
A16: 10 | B16: 岚城乡卫生院 | C16: 27775 | D16: 12 | E16: 1 | F16: 13 | H16: 19104 | I16: 94.85 | J16: ='附件2-1'!P14 -> 1531019 | K16: 138875 | M16: ='附件2-4'!F14 -> 153049 | N16: ='附件2-5'!F14 -> 10306.308 | P16: =SUM(J16:O16) -> 1833249.3
A17: 11 | B17: 澳前镇卫生院 | C17: 40893 | D17: 17 | E17: 5 | F17: 22 | H17: 18548 | I17: 96.01 | J17: ='附件2-1'!P15 -> 2398639 | K17: 204465 | M17: ='附件2-4'!F15 -> 183887 | N17: ='附件2-5'!F15 -> 15359.503 | P17: =SUM(J17:O17) -> 2802350.5
A18: 12 | B18: 北厝镇卫生院 | C18: 31887 | D18: 19 | E18: 2 | F18: 21 | H18: 23274 | I18: 96.51 | J18: ='附件2-1'!P16 -> 2037825 | K18: 159435 | L18: 70000 | M18: ='附件2-4'!F16 -> 210881 | N18: ='附件2-5'!F16 -> 12039.202 | P18: =SUM(J18:O18) -> 2490180.2 | Q18: 第二名
A19: 13 | B19: 敖东镇中心卫生院 | C19: 30796 | D19: 15 | E19: 2 | F19: 17 | H19: 22782 | I19: 95.04 | J19: ='附件2-1'!P17 -> 1601713 | K19: 153980 | M19: ='附件2-4'!F17 -> 242857 | N19: ='附件2-5'!F17 -> 11450.184 | P19: =SUM(J19:O19) -> 2010000.2
A20: 14 | B20: 南海乡卫生院 | C20: 4666 | D20: 2 | E20: 3 | F20: 5 | H20: 3201 | I20: 91.19 | J20: ='附件2-1'!P18 -> 322209 | K20: 23330 | M20: ='附件2-4'!F18 -> 30008 | N20: ='附件2-5'!F18 -> 1664.5762 | P20: =SUM(J20:O20) -> 377211.58
A21: 15 | B21: 塘屿卫生院 | C21: 4250 | D21: 2 | E21: 0 | F21: 2 | H21: 1840 | I21: 88.07 | J21: ='附件2-1'!P19 -> 278760 | K21: 21250 | L21: -5000 | M21: ='附件2-4'!F19 -> 25332 | N21: ='附件2-5'!F19 -> 1464.2952 | P21: =SUM(J21:O21) -> 321806.3 | Q21: 最后一名
A22: 16 | B22: 区医院 | O22: 50000 | P22: =SUM(J22:O22) -> 50000 | Q22: 孕产妇系统录入
A23: 合计 | C23: =SUM(C7:C22) -> 386000 | D23: =SUM(D7:D22) -> 136 | E23: =SUM(E7:E22) -> 74 | F23: =SUM(F7:F22) -> 210 | G23: =SUM(G7:G22) -> 0 | H23: =SUM(H7:H22) -> 303450 | J23: =SUM(J7:J22) -> 21934658 | K23: =SUM(K7:K22) -> 1930000 | L23: =SUM(L7:L22) -> 195000 | M23: =SUM(M7:M22) -> 2766252 | N23: =SUM(N7:N22) -> 144090 | O23: =SUM(O7:O22) -> 50000 | P23: =SUM(P7:P22) -> 27020000

Sheet 附件2-1
A1: 附件2-1
A2: 2021年基本公共卫生项目服务量补助明细表
P3: 单位：元
A4: 序号 | B4: 单位 | C4: 建立居民健康档案 （附件2-1-1） | D4: 健康教育 （附件2-1-2） | E4: 预防接种管理 （附件2-1-3） | F4: 儿童健康管理 （附件2-1-4） | G4: 孕产妇健康管理 （附件2-1-5） | H4: 老年人健康管理 （附件2-1-6） | I4: 高血压患者健康管理 （附件2-1-7） | J4: 2型糖尿病患者健康管理 （附件2-1-8） | K4: 严重精神障碍患者管理 （附件2-1-9） | L4: 肺结核患者健康管理 （附件2-1-10） | M4: 中医药健康管理 （附件2-1-11） | N4: 传染病及突发公共卫生事件报告和处理 （附件2-1-12） | O4: 卫生计生监督协管服务管理 （附件2-1-13） | P4: 基本公共卫生服务按量计算金额合计 | T4: 建立居民健康档案 （附件2-1-1） | U4: 健康教育 （附件2-1-2） | V4: 预防接种管理 （附件2-1-3） | W4: 儿童健康管理 （附件2-1-4） | X4: 孕产妇健康管理 （附件2-1-5） | Y4: 老年人健康管理 （附件2-1-6） | Z4: 高血压患者健康管理 （附件2-1-7） | AA4: 3型糖尿病患者健康管理 （附件2-1-8） | AB4: 严重精神障碍患者管理 （附件2-1-9） | AC4: 肺结核患者健康管理 （附件2-1-10） | AD4: 中医药健康管理 （附件2-1-11） | AE4: 传染病及突发公共卫生事件报告和处理 （附件2-1-12） | AF4: 卫生计生监督协管服务管理 （附件2-1-13）
A5: 1 | B5: 潭城镇社区卫生服务中心 | C5: ='附件2-1-1'!E5 -> 156312 | D5: ='附件2-1-2 '!U6 -> 74200 | E5: ='附件2-1-3'!E5 -> 246940 | F5: ='附件2-1-4'!K6 -> 529140 | G5: ='附件2-1-5'!I6 -> 162760 | H5: ='附件2-1-6'!E5 -> 1009000 | I5: ='附件2-1-7'!E5 -> 1042200 | J5: ='附件2-1-8'!E5 -> 399600 | K5: ='附件2-1-9'!E5 -> 81810 | L5: ='附件2-1-10'!G6 -> 930 | M5: ='附件2-1-11'!H6 -> 220170 | N5: ='附件2-1-12'!H6 -> 33000 | O5: ='附件2-1-13'!J6 -> 71000 | P5: =SUM(C5:O5) -> 4027062 | Q5: =P5/'附件2-2'!C5 -> 50.835831 | S5: 91467 | T5: =C5/S5 -> 1.7089442 | U5: =D5/S5 -> 0.81122153 | V5: =E5/S5 -> 2.6997715 | W5: =F5/S5 -> 5.7850372 | X5: =G5/S5 -> 1.7794396 | Y5: =H5/S5 -> 11.031301 | Z5: =I5/S5 -> 11.394273 | AA5: =J5/S5 -> 4.3687887 | AB5: =K5/S5 -> 0.89442094 | AC5: =L5/S5 -> 0.010167601 | AD5: =M5/S5 -> 2.4070976 | AE5: =N5/S5 -> 0.36078586 | AF5: =O5/S5 -> 0.77623624
A6: 2 | B6: 屿头乡卫生院 | C6: ='附件2-1-1'!E6 -> 41967 | D6: ='附件2-1-2 '!U7 -> 93200 | E6: ='附件2-1-3'!E6 -> 13160 | F6: ='附件2-1-4'!K7 -> 94200 | G6: ='附件2-1-5'!I7 -> 30480 | H6: ='附件2-1-6'!E6 -> 229400 | I6: ='附件2-1-7'!E6 -> 234360 | J6: ='附件2-1-8'!E6 -> 79920 | K6: ='附件2-1-9'!E6 -> 17820 | L6: ='附件2-1-10'!G7 -> 330 | M6: ='附件2-1-11'!H7 -> 47190 | N6: ='附件2-1-12'!H7 -> 26000 | O6: ='附件2-1-13'!J7 -> 57000 | P6: =SUM(C6:O6) -> 965027 | Q6: =P6/'附件2-2'!C6 -> 65.657028 | S6: 17516 | T6: =C6/S6 -> 2.3959237 | U6: =D6/S6 -> 5.3208495 | V6: =E6/S6 -> 0.75131309 | W6: =F6/S6 -> 5.3779402 | X6: =G6/S6 -> 1.7401233 | Y6: =H6/S6 -> 13.096597 | Z6: =I6/S6 -> 13.379767 | AA6: =J6/S6 -> 4.5626855 | AB6: =K6/S6 -> 1.0173556 | AC6: =L6/S6 -> 0.018839918 | AD6: =M6/S6 -> 2.6941082 | AE6: =N6/S6 -> 1.4843572 | AF6: =O6/S6 -> 3.2541676
A7: 3 | B7: 大练乡卫生院 | C7: ='附件2-1-1'!E7 -> 5442 | D7: ='附件2-1-2 '!U8 -> 70800 | E7: ='附件2-1-3'!E7 -> 990 | F7: ='附件2-1-4'!K8 -> 26310 | G7: ='附件2-1-5'!I8 -> 16200 | H7: ='附件2-1-6'!E7 -> 84000 | I7: ='附件2-1-7'!E7 -> 77490 | J7: ='附件2-1-8'!E7 -> 20520 | K7: ='附件2-1-9'!E7 -> 7560 | L7: ='附件2-1-10'!G8 -> 45 | M7: ='附件2-1-11'!H8 -> 17940 | N7: ='附件2-1-12'!H8 -> 22000 | O7: ='附件2-1-13'!J8 -> 49000 | P7: =SUM(C7:O7) -> 398297 | Q7: =P7/'附件2-2'!C7 -> 59.173525 | S7: 8021 | T7: =C7/S7 -> 0.67846902 | U7: =D7/S7 -> 8.8268296 | V7: =E7/S7 -> 0.12342601 | W7: =F7/S7 -> 3.2801396 | X7: =G7/S7 -> 2.0196983 | Y7: =H7/S7 -> 10.47251 | Z7: =I7/S7 -> 9.6608902 | AA7: =J7/S7 -> 2.5582845 | AB7: =K7/S7 -> 0.94252587 | AC7: =L7/S7 -> 0.005610273 | AD7: =M7/S7 -> 2.2366288 | AE7: =N7/S7 -> 2.7428001 | AF7: =O7/S7 -> 6.108964
A8: 4 | B8: 苏澳镇卫生院 | C8: ='附件2-1-1'!E8 -> 50670 | D8: ='附件2-1-2 '!U9 -> 119800 | E8: ='附件2-1-3'!E8 -> 24010 | F8: ='附件2-1-4'!K9 -> 213250 | G8: ='附件2-1-5'!I9 -> 72240 | H8: ='附件2-1-6'!E8 -> 451800 | I8: ='附件2-1-7'!E8 -> 412020 | J8: ='附件2-1-8'!E8 -> 141210 | K8: ='附件2-1-9'!E8 -> 49950 | L8: ='附件2-1-10'!G9 -> 420 | M8: ='附件2-1-11'!H9 -> 106380 | N8: ='附件2-1-12'!H9 -> 33000 | O8: ='附件2-1-13'!J9 -> 71000 | P8: =SUM(C8:O8) -> 1745750 | Q8: =P8/'附件2-2'!C8 -> 56.227454 | S8: 37000 | T8: =C8/S8 -> 1.3694595 | U8: =D8/S8 -> 3.2378378 | V8: =E8/S8 -> 0.64891892 | W8: =F8/S8 -> 5.7635135 | X8: =G8/S8 -> 1.9524324 | Y8: =H8/S8 -> 12.210811 | Z8: =I8/S8 -> 11.135676 | AA8: =J8/S8 -> 3.8164865 | AB8: =K8/S8 -> 1.35 | AC8: =L8/S8 -> 0.011351351 | AD8: =M8/S8 -> 2.8751351 | AE8: =N8/S8 -> 0.89189189 | AF8: =O8/S8 -> 1.9189189
A9: 5 | B9: 平原镇卫生院 | C9: ='附件2-1-1'!E9 -> 29685 | D9: ='附件2-1-2 '!U10 -> 104600 | E9: ='附件2-1-3'!E9 -> 20010 | F9: ='附件2-1-4'!K10 -> 139550 | G9: ='附件2-1-5'!I10 -> 50140 | H9: ='附件2-1-6'!E9 -> 292000 | I9: ='附件2-1-7'!E9 -> 272700 | J9: ='附件2-1-8'!E9 -> 90450 | K9: ='附件2-1-9'!E9 -> 31320 | L9: ='附件2-1-10'!G10 -> 525 | M9: ='附件2-1-11'!H10 -> 63390 | N9: ='附件2-1-12'!H10 -> 29000 | O9: ='附件2-1-13'!J10 -> 63000 | P9: =SUM(C9:O9) -> 1186370 | Q9: =P9/'附件2-2'!C9 -> 57.871707 | S9: 25600 | T9: =C9/S9 -> 1.1595703 | U9: =D9/S9 -> 4.0859375 | V9: =E9/S9 -> 0.78164062 | W9: =F9/S9 -> 5.4511719 | X9: =G9/S9 -> 1.9585937 | Y9: =H9/S9 -> 11.40625 | Z9: =I9/S9 -> 10.652344 | AA9: =J9/S9 -> 3.5332031 | AB9: =K9/S9 -> 1.2234375 | AC9: =L9/S9 -> 0.020507812 | AD9: =M9/S9 -> 2.4761719 | AE9: =N9/S9 -> 1.1328125 | AF9: =O9/S9 -> 2.4609375
A10: 6 | B10: 白青乡卫生院 | C10: ='附件2-1-1'!E10 -> 21315 | D10: ='附件2-1-2 '!U11 -> 89400 | E10: ='附件2-1-3'!E10 -> 8830 | F10: ='附件2-1-4'!K11 -> 71000 | G10: ='附件2-1-5'!I11 -> 35160 | H10: ='附件2-1-6'!E10 -> 237400 | I10: ='附件2-1-7'!E10 -> 196560 | J10: ='附件2-1-8'!E10 -> 74520 | K10: ='附件2-1-9'!E10 -> 22410 | L10: ='附件2-1-10'!G11 -> 480 | M10: ='附件2-1-11'!H11 -> 46500 | N10: ='附件2-1-12'!H11 -> 25000 | O10: ='附件2-1-13'!J11 -> 55000 | P10: =SUM(C10:O10) -> 883575 | Q10: =P10/'附件2-2'!C10 -> 59.153444 | S10: 17800 | T10: =C10/S10 -> 1.1974719 | U10: =D10/S10 -> 5.0224719 | V10: =E10/S10 -> 0.49606742 | W10: =F10/S10 -> 3.988764 | X10: =G10/S10 -> 1.9752809 | Y10: =H10/S10 -> 13.337079 | Z10: =I10/S10 -> 11.042697 | AA10: =J10/S10 -> 4.1865169 | AB10: =K10/S10 -> 1.2589888 | AC10: =L10/S10 -> 0.026966292 | AD10: =M10/S10 -> 2.6123596 | AE10: =N10/S10 -> 1.4044944 | AF10: =O10/S10 -> 3.0898876
A11: 7 | B11: 中楼乡卫生院 | C11: ='附件2-1-1'!E11 -> 74253 | D11: ='附件2-1-2 '!U12 -> 117700 | E11: ='附件2-1-3'!E11 -> 41680 | F11: ='附件2-1-4'!K12 -> 196780 | G11: ='附件2-1-5'!I12 -> 60800 | H11: ='附件2-1-6'!E11 -> 394600 | I11: ='附件2-1-7'!E11 -> 381510 | J11: ='附件2-1-8'!E11 -> 132840 | K11: ='附件2-1-9'!E11 -> 36180 | L11: ='附件2-1-10'!G12 -> 1185 | M11: ='附件2-1-11'!H12 -> 86010 | N11: ='附件2-1-12'!H12 -> 33000 | O11: ='附件2-1-13'!J12 -> 71000 | P11: =SUM(C11:O11) -> 1627538 | Q11: =P11/'附件2-2'!C11 -> 59.245677 | S11: 32738 | T11: =C11/S11 -> 2.2680982 | U11: =D11/S11 -> 3.5952105 | V11: =E11/S11 -> 1.2731382 | W11: =F11/S11 -> 6.010752 | X11: =G11/S11 -> 1.857169 | Y11: =H11/S11 -> 12.053271 | Z11: =I11/S11 -> 11.65343 | AA11: =J11/S11 -> 4.05767 | AB11: =K11/S11 -> 1.1051378 | AC11: =L11/S11 -> 0.036196469 | AD11: =M11/S11 -> 2.6272222 | AE11: =N11/S11 -> 1.0080029 | AF11: =O11/S11 -> 2.1687336
A12: 8 | B12: 流水镇中心卫生院 | C12: ='附件2-1-1'!E12 -> 92874 | D12: ='附件2-1-2 '!U13 -> 141800 | E12: ='附件2-1-3'!E12 -> 69720 | F12: ='附件2-1-4'!K13 -> 339320 | G12: ='附件2-1-5'!I13 -> 108280 | H12: ='附件2-1-6'!E12 -> 628000 | I12: ='附件2-1-7'!E12 -> 560520 | J12: ='附件2-1-8'!E12 -> 187380 | K12: ='附件2-1-9'!E12 -> 61290 | L12: ='附件2-1-10'!G13 -> 1710 | M12: ='附件2-1-11'!H13 -> 141270 | N12: ='附件2-1-12'!H13 -> 41000 | O12: ='附件2-1-13'!J13 -> 87000 | P12: =SUM(C12:O12) -> 2460164 | Q12: =P12/'附件2-2'!C12 -> 57.039345 | S12: 51400 | T12: =C12/S12 -> 1.8068872 | U12: =D12/S12 -> 2.7587549 | V12: =E12/S12 -> 1.3564202 | W12: =F12/S12 -> 6.6015564 | X12: =G12/S12 -> 2.1066148 | Y12: =H12/S12 -> 12.217899 | Z12: =I12/S12 -> 10.905058 | AA12: =J12/S12 -> 3.6455253 | AB12: =K12/S12 -> 1.1924125 | AC12: =L12/S12 -> 0.033268482 | AD12: =M12/S12 -> 2.7484436 | AE12: =N12/S12 -> 0.79766537 | AF12: =O12/S12 -> 1.692607
A13: 9 | B13: 东庠乡卫生院 | C13: ='附件2-1-1'!E13 -> 11850 | D13: ='附件2-1-2 '!U14 -> 60200 | E13: ='附件2-1-3'!E13 -> 1250 | F13: ='附件2-1-4'!K14 -> 45560 | G13: ='附件2-1-5'!I14 -> 15560 | H13: ='附件2-1-6'!E13 -> 100200 | I13: ='附件2-1-7'!E13 -> 103140 | J13: ='附件2-1-8'!E13 -> 19980 | K13: ='附件2-1-9'!E13 -> 11610 | L13: ='附件2-1-10'!G14 -> 420 | M13: ='附件2-1-11'!H14 -> 26940 | N13: ='附件2-1-12'!H14 -> 23000 | O13: ='附件2-1-13'!J14 -> 51000 | P13: =SUM(C13:O13) -> 470710 | Q13: =P13/'附件2-2'!C13 -> 58.83875 | S13: 11300 | T13: =C13/S13 -> 1.0486726 | U13: =D13/S13 -> 5.3274336 | V13: =E13/S13 -> 0.11061947 | W13: =F13/S13 -> 4.0318584 | X13: =G13/S13 -> 1.3769912 | Y13: =H13/S13 -> 8.8672566 | Z13: =I13/S13 -> 9.1274336 | AA13: =J13/S13 -> 1.7681416 | AB13: =K13/S13 -> 1.0274336 | AC13: =L13/S13 -> 0.037168142 | AD13: =M13/S13 -> 2.3840708 | AE13: =N13/S13 -> 2.0353982 | AF13: =O13/S13 -> 4.5132743
A14: 10 | B14: 岚城乡卫生院 | C14: ='附件2-1-1'!E14 -> 19059 | D14: ='附件2-1-2 '!U15 -> 100800 | E14: ='附件2-1-3'!E14 -> 102190 | F14: ='附件2-1-4'!K15 -> 202370 | G14: ='附件2-1-5'!I15 -> 64680 | H14: ='附件2-1-6'!E14 -> 369600 | I14: ='附件2-1-7'!E14 -> 345330 | J14: ='附件2-1-8'!E14 -> 119880 | K14: ='附件2-1-9'!E14 -> 32130 | L14: ='附件2-1-10'!G15 -> 1380 | M14: ='附件2-1-11'!H15 -> 84600 | N14: ='附件2-1-12'!H15 -> 28000 | O14: ='附件2-1-13'!J15 -> 61000 | P14: =SUM(C14:O14) -> 1531019 | Q14: =P14/'附件2-2'!C14 -> 55.122196 | S14: 33100 | T14: =C14/S14 -> 0.5758006 | U14: =D14/S14 -> 3.0453172 | V14: =E14/S14 -> 3.0873112 | W14: =F14/S14 -> 6.1138973 | X14: =G14/S14 -> 1.9540785 | Y14: =H14/S14 -> 11.166163 | Z14: =I14/S14 -> 10.432931 | AA14: =J14/S14 -> 3.6217523 | AB14: =K14/S14 -> 0.97069486 | AC14: =L14/S14 -> 0.041691843 | AD14: =M14/S14 -> 2.5558912 | AE14: =N14/S14 -> 0.84592145 | AF14: =O14/S14 -> 1.8429003
A15: 11 | B15: 澳前镇卫生院 | C15: ='附件2-1-1'!E15 -> 88734 | D15: ='附件2-1-2 '!U16 -> 135000 | E15: ='附件2-1-3'!E15 -> 73910 | F15: ='附件2-1-4'!K16 -> 305830 | G15: ='附件2-1-5'!I16 -> 105880 | H15: ='附件2-1-6'!E15 -> 638200 | I15: ='附件2-1-7'!E15 -> 572940 | J15: ='附件2-1-8'!E15 -> 178740 | K15: ='附件2-1-9'!E15 -> 58860 | L15: ='附件2-1-10'!G16 -> 1695 | M15: ='附件2-1-11'!H16 -> 122850 | N15: ='附件2-1-12'!H16 -> 37000 | O15: ='附件2-1-13'!J16 -> 79000 | P15: =SUM(C15:O15) -> 2398639 | Q15: =P15/'附件2-2'!C15 -> 58.656469 | S15: 48733 | T15: =C15/S15 -> 1.8208196 | U15: =D15/S15 -> 2.7701968 | V15: =E15/S15 -> 1.5166314 | W15: =F15/S15 -> 6.2756243 | X15: =G15/S15 -> 2.1726551 | Y15: =H15/S15 -> 13.095849 | Z15: =I15/S15 -> 11.756715 | AA15: =J15/S15 -> 3.6677405 | AB15: =K15/S15 -> 1.2078058 | AC15: =L15/S15 -> 0.03478136 | AD15: =M15/S15 -> 2.5208791 | AE15: =N15/S15 -> 0.75923912 | AF15: =O15/S15 -> 1.6210781
A16: 12 | B16: 北厝镇卫生院 | C16: ='附件2-1-1'!E16 -> 67920 | D16: ='附件2-1-2 '!U17 -> 125200 | E16: ='附件2-1-3'!E16 -> 59500 | F16: ='附件2-1-4'!K17 -> 284730 | G16: ='附件2-1-5'!I17 -> 78420 | H16: ='附件2-1-6'!E16 -> 533000 | I16: ='附件2-1-7'!E16 -> 466290 | J16: ='附件2-1-8'!E16 -> 153090 | K16: ='附件2-1-9'!E16 -> 38880 | L16: ='附件2-1-10'!G17 -> 645 | M16: ='附件2-1-11'!H17 -> 117150 | N16: ='附件2-1-12'!H17 -> 36000 | O16: ='附件2-1-13'!J17 -> 77000 | P16: =SUM(C16:O16) -> 2037825 | Q16: =P16/'附件2-2'!C16 -> 63.907705 | S16: 38000 | T16: =C16/S16 -> 1.7873684 | U16: =D16/S16 -> 3.2947368 | V16: =E16/S16 -> 1.5657895 | W16: =F16/S16 -> 7.4928947 | X16: =G16/S16 -> 2.0636842 | Y16: =H16/S16 -> 14.026316 | Z16: =I16/S16 -> 12.270789 | AA16: =J16/S16 -> 4.0286842 | AB16: =K16/S16 -> 1.0231579 | AC16: =L16/S16 -> 0.016973684 | AD16: =M16/S16 -> 3.0828947 | AE16: =N16/S16 -> 0.94736842 | AF16: =O16/S16 -> 2.0263158
... A19: 15 | B19: 塘屿卫生院 | C19: ='附件2-1-1'!E19 -> 3450 | D19: ='附件2-1-2 '!U20 -> 59000 | E19: ='附件2-1-3'!E19 -> 2830 | F19: ='附件2-1-4'!K20 -> 11110 | G19: ='附件2-1-5'!I20 -> 3620 | H19: ='附件2-1-6'!E19 -> 53800 | I19: ='附件2-1-7'!E19 -> 54000 | J19: ='附件2-1-8'!E19 -> 17820 | K19: ='附件2-1-9'!E19 -> 6480 | L19: ='附件2-1-10'!G20 -> 150 | M19: ='附件2-1-11'!H20 -> 10500 | N19: ='附件2-1-12'!H20 -> 17000 | O19: ='附件2-1-13'!J20 -> 39000 | P19: =SUM(C19:O19) -> 278760 | Q19: =P19/'附件2-2'!C19 -> 65.590588 | S19: 5065 | T19: =C19/S19 -> 0.68114511 | U19: =D19/S19 -> 11.648569 | V19: =E19/S19 -> 0.55873643 | W19: =F19/S19 -> 2.1934847 | X19: =G19/S19 -> 0.71470879 | Y19: =H19/S19 -> 10.621915 | Z19: =I19/S19 -> 10.661402 | AA19: =J19/S19 -> 3.5182626 | AB19: =K19/S19 -> 1.2793682 | AC19: =L19/S19 -> 0.029615005 | AD19: =M19/S19 -> 2.0730503 | AE19: =N19/S19 -> 3.3563672 | AF19: =O19/S19 -> 7.6999013
A20: 合计 | C20: =SUM(C5:C19) -> 714708 | D20: =SUM(D5:D19) -> 1460600 | E20: =SUM(E5:E19) -> 746400 | F20: =SUM(F5:F19) -> 2651100 | G20: =SUM(G5:G19) -> 871700 | H20: =SUM(H5:H19) -> 5497600 | I20: =SUM(I5:I19) -> 5148090 | J20: =SUM(J5:J19) -> 1764720 | ... O20: =SUM(O5:O19) -> 945000 | P20: =SUM(C20:O20) -> 21934658 | Q20: =P20/'附件2-2'!C20 -> 56.825539

Sheet 附件2-1-1
A1: 附件2-1-1
A2: 2020年基本公共卫生建立居民健康档案补助明细表
F3: 单位：元
A4: 序号 | B4: 单位 | C4: 档案中有动态记录的档案份数 | D4: 补助标准 （元/份） | E4: 补助金额 | F4: 备注
A5: 1 | B5: 潭城镇社区卫生服务中心 | C5: 52104 | D5: 3 | E5: =C5*D5 -> 156312
A6: 2 | B6: 屿头乡卫生院 | C6: 13989 | D6: 3 | E6: =C6*D6 -> 41967
A7: 3 | B7: 大练乡卫生院 | C7: 1814 | D7: 3 | E7: =C7*D7 -> 5442
A8: 4 | B8: 苏澳镇卫生院 | C8: 16890 | D8: 3 | E8: =C8*D8 -> 50670
A9: 5 | B9: 平原镇卫生院 | C9: 9895 | D9: 3 | E9: =C9*D9 -> 29685
A10: 6 | B10: 白青乡卫生院 | C10: 7105 | D10: 3 | E10: =C10*D10 -> 21315
A11: 7 | B11: 中楼乡卫生院 | C11: 24751 | D11: 3 | E11: =C11*D11 -> 74253
A12: 8 | B12: 流水镇中心卫生院 | C12: 30958 | D12: 3 | E12: =C12*D12 -> 92874
A13: 9 | B13: 东庠乡卫生院 | C13: 3950 | D13: 3 | E13: =C13*D13 -> 11850
A14: 10 | B14: 岚城乡卫生院 | C14: 6353 | D14: 3 | E14: =C14*D14 -> 19059
A15: 11 | B15: 澳前镇卫生院 | C15: 29578 | D15: 3 | E15: =C15*D15 -> 88734
A16: 12 | B16: 北厝镇卫生院 | C16: 22640 | D16: 3 | E16: =C16*D16 -> 67920
... A19: 15 | B19: 塘屿卫生院 | C19: 1150 | D19: 3 | E19: =C19*D19 -> 3450
A20: 合计 | C20: =SUM(C5:C19) -> 238236 | E20: =SUM(E5:E19) -> 714708

Sheet 附件2-1-2 
A1: 附件2-1-2
A2: 2021年基本公共卫生健康教育补助明细表
A4: 序号 | B4: 单位 | C4: 承担公共卫生的村卫生所数 | D4: 空白村数（含邻近代管） | E4: 应补助村卫生所个数 | F4: 播放不少于6种音像材料、村所发放不少于12种印刷资料 | J4: 设置并更新健康教育宣传栏 | O4: 开展9次公众健康咨询活动 | Q4: 举办健康教育讲座 | U4: 补助 金额 合计
F5: 播放健康教育音像资料种类 | G5: 发放健康教育印刷资料种类 | H5: 乡镇应补金额 （10000元/院） | I5: 村所应补金额 （800元/所） | J5: 健康教育宣传栏设置个数 （乡镇 不少于2个，村所不少于1个） | K5: 健康教育宣传栏内容更新次数（每院所不少于6期） | L5: 其中：村所更新次数 （总次数-6次*2面） | M5: 乡镇应补金额 （2400元/院） | N5: 村所应补金额 （200元/期，每村所不超过1200元） | O5: 举办健康教育咨询活动次数 | P5: 应补金额 （27000元/院） | Q5: 举办健康教育讲座次数（乡镇不少于12次，村所不少于6次） | R5: 其中：村所开展次数 (总次数-12次） | S5: 乡镇应补金额 （12000元/院） | T5: 村所应补金额 （300元/次）
A6: 1 | B6: 潭城镇社区卫生服务中心 | C6: 2 | D6: 16 | E6: 18 | F6: 46 | G6: 42 | H6: 10000 | I6: =E6*800 -> 14400 | J6: 4 | K6: 24 | L6: =K6-12 -> 12 | M6: 2400 | N6: =L6*200 -> 2400 | O6: 15 | P6: 27000 | Q6: 32 | R6: =Q6-12 -> 20 | S6: 12000 | T6: =R6*300 -> 6000 | U6: =H6+I6+M6+N6+P6+S6+T6 -> 74200
A7: 2 | B7: 屿头乡卫生院 | C7: 8 | D7: 3 | E7: 11 | F7: 77 | G7: 28 | H7: 10000 | I7: =E7*800 -> 8800 | J7: 14 | K7: 78 | L7: =K7-12 -> 66 | M7: 2400 | N7: =L7*200 -> 13200 | O7: 10 | P7: 27000 | Q7: 78 | R7: =Q7-12 -> 66 | S7: 12000 | T7: =R7*300 -> 19800 | U7: =H7+I7+M7+N7+P7+S7+T7 -> 93200
A8: 3 | B8: 大练乡卫生院 | C8: 1 | D8: 6 | E8: 7 | F8: 22 | G8: 19 | H8: 10000 | I8: =E8*800 -> 5600 | J8: 9 | K8: 54 | L8: =K8-12 -> 42 | M8: 2400 | N8: =L8*200 -> 8400 | O8: 9 | P8: 27000 | Q8: 30 | R8: =Q8-12 -> 18 | S8: 12000 | T8: =R8*300 -> 5400 | U8: =H8+I8+M8+N8+P8+S8+T8 -> 70800
A9: 4 | B9: 苏澳镇卫生院 | C9: 8 | D9: 10 | E9: 18 | F9: 92 | G9: 26 | H9: 10000 | I9: =E9*800 -> 14400 | J9: 20 | K9: 120 | L9: =K9-12 -> 108 | M9: 2400 | N9: =L9*200 -> 21600 | O9: 9 | P9: 27000 | Q9: 120 | R9: =Q9-12 -> 108 | S9: 12000 | T9: =R9*300 -> 32400 | U9: =H9+I9+M9+N9+P9+S9+T9 -> 119800
A10: 5 | B10: 平原镇卫生院 | C10: 9 | D10: 5 | E10: 14 | F10: 93 | G10: 26 | H10: 10000 | I10: =E10*800 -> 11200 | J10: 16 | K10: 96 | L10: =K10-12 -> 84 | M10: 2400 | N10: =L10*200 -> 16800 | O10: 10 | P10: 27000 | Q10: 96 | R10: =Q10-12 -> 84 | S10: 12000 | T10: =R10*300 -> 25200 | U10: =H10+I10+M10+N10+P10+S10+T10 -> 104600
A11: 6 | B11: 白青乡卫生院 | C11: 8 | D11: 2 | E11: 10 | F11: 44 | G11: 29 | H11: 10000 | I11: =E11*800 -> 8000 | J11: 12 | K11: 72 | L11: =K11-12 -> 60 | M11: 2400 | N11: =L11*200 -> 12000 | O11: 10 | P11: 27000 | Q11: 72 | R11: =Q11-12 -> 60 | S11: 12000 | T11: =R11*300 -> 18000 | U11: =H11+I11+M11+N11+P11+S11+T11 -> 89400
A12: 7 | B12: 中楼乡卫生院 | C12: 12 | D12: 6 | E12: 18 | F12: 49 | G12: 34 | H12: 10000 | I12: =E12*800 -> 14400 | J12: 19 | K12: 114 | L12: =K12-12 -> 102 | M12: 2400 | N12: =L12*200 -> 20400 | O12: 12 | P12: 27000 | Q12: 117 | R12: =Q12-12 -> 105 | S12: 12000 | T12: =R12*300 -> 31500 | U12: =H12+I12+M12+N12+P12+S12+T12 -> 117700
A13: 8 | B13: 流水镇中心卫生院 | C13: 20 | D13: 6 | E13: 26 | F13: 66 | G13: 59 | H13: 10000 | I13: =E13*800 -> 20800 | J13: 31 | K13: 150 | L13: =K13-12 -> 138 | M13: 2400 | N13: =L13*200 -> 27600 | O13: 24 | P13: 27000 | Q13: 152 | R13: =Q13-12 -> 140 | S13: 12000 | T13: =R13*300 -> 42000 | U13: =H13+I13+M13+N13+P13+S13+T13 -> 141800
A14: 9 | B14: 东庠乡卫生院 | C14: 1 | D14: 7 | E14: 8 | F14: 33 | G14: 33 | H14: 10000 | I14: =E14*800 -> 6400 | J14: 3 | K14: 15 | L14: =K14-12 -> 3 | M14: 2400 | N14: =L14*200 -> 600 | O14: 9 | P14: 27000 | Q14: 18 | R14: =Q14-12 -> 6 | S14: 12000 | T14: =R14*300 -> 1800 | U14: =H14+I14+M14+N14+P14+S14+T14 -> 60200
A15: 10 | B15: 岚城乡卫生院 | C15: 12 | D15: 1 | E15: 13 | F15: 26 | G15: 26 | H15: 10000 | I15: =E15*800 -> 10400 | J15: 17 | K15: 102 | L15: =K15-12 -> 90 | M15: 2400 | N15: 15600 | O15: 9 | P15: 27000 | Q15: 90 | R15: =Q15-12 -> 78 | S15: 12000 | T15: =R15*300 -> 23400 | U15: =H15+I15+M15+N15+P15+S15+T15 -> 100800
A16: 11 | B16: 澳前镇卫生院 | C16: 17 | D16: 5 | E16: 22 | F16: 88 | G16: 45 | H16: 10000 | I16: =E16*800 -> 17600 | J16: 27 | K16: 218 | L16: =K16-12 -> 206 | M16: 2400 | N16: 26400 | O16: 15 | P16: 27000 | Q16: 163 | R16: =Q16-12 -> 151 | S16: 12000 | T16: 39600 | U16: =H16+I16+M16+N16+P16+S16+T16 -> 135000
A17: 12 | B17: 北厝镇卫生院 | C17: 19 | D17: 2 | E17: 21 | F17: 23 | G17: 25 | H17: 10000 | I17: =E17*800 -> 16800 | J17: 21 | K17: 126 | L17: =K17-12 -> 114 | M17: 2400 | N17: =L17*200 -> 22800 | O17: 10 | P17: 27000 | Q17: 126 | R17: =Q17-12 -> 114 | S17: 12000 | T17: =R17*300 -> 34200 | U17: =H17+I17+M17+N17+P17+S17+T17 -> 125200
A18: 13 | B18: 敖东镇中心卫生院 | C18: 15 | D18: 2 | E18: 17 | F18: 45 | G18: 25 | H18: 10000 | I18: =E18*800 -> 13600 | J18: 17 | K18: 103 | L18: =K18-12 -> 91 | M18: 2400 | N18: =L18*200 -> 18200 | O18: 14 | P18: 27000 | Q18: 103 | R18: =Q18-12 -> 91 | S18: 12000 | T18: =R18*300 -> 27300 | U18: =H18+I18+M18+N18+P18+S18+T18 -> 110500
A19: 14 | B19: 南海乡卫生院 | C19: 2 | D19: 3 | E19: 5 | F19: 26 | G19: 33 | H19: 10000 | I19: =E19*800 -> 4000 | J19: 3 | K19: 18 | L19: =K19-12 -> 6 | M19: 2400 | N19: =L19*200 -> 1200 | O19: 9 | P19: 27000 | Q19: 18 | R19: =Q19-12 -> 6 | S19: 12000 | T19: =R19*300 -> 1800 | U19: =H19+I19+M19+N19+P19+S19+T19 -> 58400
A20: 15 | B20: 塘屿卫生院 | C20: 2 | D20: 0 | E20: 2 | F20: 43 | G20: 24 | H20: 10000 | I20: =E20*800 -> 1600 | J20: 4 | K20: 24 | L20: =K20-12 -> 12 | M20: 2400 | N20: =L20*200 -> 2400 | O20: 9 | P20: 27000 | Q20: 24 | R20: =Q20-12 -> 12 | S20: 12000 | T20: =R20*300 -> 3600 | U20: =H20+I20+M20+N20+P20+S20+T20 -> 59000
A21: 合计 | C21: =SUM(C6:C20) -> 136 | D21: =SUM(D6:D20) -> 74 | E21: =SUM(E6:E20) -> 210 | F21: =SUM(F6:F20) -> 773 | G21: =SUM(G6:G20) -> 474 | H21: =SUM(H6:H20) -> 150000 | I21: =SUM(I6:I20) -> 168000 | J21: =SUM(J6:J20) -> 217 | ... U21: =SUM(U6:U20) -> 1460600

Sheet 附件2-1-3
A1: 附件2-1-3
A2: 2021年基本公共卫生预防接种管理补助明细表
F3: 单位：元
A4: 序号 | B4: 单位 | C4: 接种国家免疫规划疫苗累计总针次数 （一类） | D4: 补助标准 （元/针次） | E4: 补助金额 | F4: 备注
A5: 1 | B5: 潭城镇社区卫生服务中心 | C5: 24694 | D5: 10 | E5: =C5*D5 -> 246940
A6: 2 | B6: 屿头乡卫生院 | C6: 1316 | D6: 10 | E6: =C6*D6 -> 13160
A7: 3 | B7: 大练乡卫生院 | C7: 99 | D7: 10 | E7: =C7*D7 -> 990
A8: 4 | B8: 苏澳镇卫生院 | C8: 2401 | D8: 10 | E8: =C8*D8 -> 24010
A9: 5 | B9: 平原镇中心卫生院 | C9: 2001 | D9: 10 | E9: =C9*D9 -> 20010
A10: 6 | B10: 白青乡卫生院 | C10: 883 | D10: 10 | E10: =C10*D10 -> 8830
A11: 7 | B11: 中楼乡卫生院 | C11: 4168 | D11: 10 | E11: =C11*D11 -> 41680
A12: 8 | B12: 流水镇中心卫生院 | C12: 6972 | D12: 10 | E12: =C12*D12 -> 69720
A13: 9 | B13: 东庠乡卫生院 | C13: 125 | D13: 10 | E13: =C13*D13 -> 1250
A14: 10 | B14: 岚城乡卫生院 | C14: 10219 | D14: 10 | E14: =C14*D14 -> 102190
A15: 11 | B15: 澳前镇卫生院 | C15: 7391 | D15: 10 | E15: =C15*D15 -> 73910
A16: 12 | B16: 北厝镇卫生院 | C16: 5950 | D16: 10 | E16: =C16*D16 -> 59500
... A19: 15 | B19: 塘屿卫生院 | C19: 283 | D19: 10 | E19: =C19*D19 -> 2830
A20: 合计 | C20: =SUM(C5:C19) -> 74640 | E20: =SUM(E5:E19) -> 746400

Sheet 附件2-1-4
A1: 附件2-1-4
A2: 2021年基本公共卫生儿童健康管理补助明细表
K3: 单位：元
A4: 序号 | B4: 单位 | C4: 新生儿访视 | E4: 新生儿满月健康管理 | G4: 婴幼儿健康管理 | I4: 学龄前儿童健康管理 | K4: 补助 金额 合计
C5: 辖区内按照规范要求接受1次及以上访视的新生儿人数 | D5: 应补金额 （40元/次） | E5: 新生儿满月健康管理次数 | F5: 应补金额 （40元/次） | G5: 0-3岁婴幼儿健康服务次数 | H5: 应补金额 （40元/次） | I5: 4-6岁学龄前生长发育评估次数 | J5: 应补金额 （50元/次）
A6: 1 | B6: 潭城镇社区卫生服务中心 | C6: 571 | D6: =C6*40 -> 22840 | E6: 630 | F6: =E6*40 -> 25200 | G6: 9340 | H6: =G6*40 -> 373600 | I6: 2150 | J6: =I6*50 -> 107500 | K6: =D6+F6+H6+J6 -> 529140
A7: 2 | B7: 屿头乡卫生院 | C7: 111 | D7: =C7*40 -> 4440 | E7: 140 | F7: =E7*40 -> 5600 | G7: 1559 | H7: =G7*40 -> 62360 | I7: 436 | J7: =I7*50 -> 21800 | K7: =D7+F7+H7+J7 -> 94200
A8: 3 | B8: 大练乡卫生院 | C8: 60 | D8: =C8*40 -> 2400 | E8: 65 | F8: =E8*40 -> 2600 | G8: 184 | H8: =G8*40 -> 7360 | I8: 279 | J8: =I8*50 -> 13950 | K8: =D8+F8+H8+J8 -> 26310
A9: 4 | B9: 苏澳镇卫生院 | C9: 286 | D9: =C9*40 -> 11440 | E9: 301 | F9: =E9*40 -> 12040 | G9: 3258 | H9: =G9*40 -> 130320 | I9: 1189 | J9: =I9*50 -> 59450 | K9: =D9+F9+H9+J9 -> 213250
A10: 5 | B10: 平原镇中心卫生院 | C10: 188 | D10: =C10*40 -> 7520 | E10: 193 | F10: =E10*40 -> 7720 | G10: 1984 | H10: =G10*40 -> 79360 | I10: 899 | J10: =I10*50 -> 44950 | K10: =D10+F10+H10+J10 -> 139550
A11: 6 | B11: 白青乡卫生院 | C11: 135 | D11: =C11*40 -> 5400 | E11: 154 | F11: =E11*40 -> 6160 | G11: 816 | H11: =G11*40 -> 32640 | I11: 536 | J11: =I11*50 -> 26800 | K11: =D11+F11+H11+J11 -> 71000
A12: 7 | B12: 中楼乡卫生院 | C12: 240 | D12: =C12*40 -> 9600 | E12: 262 | F12: =E12*40 -> 10480 | G12: 2625 | H12: =G12*40 -> 105000 | I12: 1434 | J12: =I12*50 -> 71700 | K12: =D12+F12+H12+J12 -> 196780
A13: 8 | B13: 流水镇中心卫生院 | C13: 405 | D13: =C13*40 -> 16200 | E13: 433 | F13: =E13*40 -> 17320 | G13: 5160 | H13: =G13*40 -> 206400 | I13: 1988 | J13: =I13*50 -> 99400 | K13: =D13+F13+H13+J13 -> 339320
A14: 9 | B14: 东庠乡卫生院 | C14: 55 | D14: =C14*40 -> 2200 | E14: 71 | F14: =E14*40 -> 2840 | G14: 698 | H14: =G14*40 -> 27920 | I14: 252 | J14: =I14*50 -> 12600 | K14: =D14+F14+H14+J14 -> 45560
A15: 10 | B15: 岚城乡卫生院 | C15: 237 | D15: =C15*40 -> 9480 | E15: 266 | F15: =E15*40 -> 10640 | G15: 3555 | H15: =G15*40 -> 142200 | I15: 801 | J15: =I15*50 -> 40050 | K15: =D15+F15+H15+J15 -> 202370
A16: 11 | B16: 澳前镇卫生院 | C16: 367 | D16: =C16*40 -> 14680 | E16: 409 | F16: =E16*40 -> 16360 | G16: 3726 | H16: =G16*40 -> 149040 | I16: 2515 | J16: =I16*50 -> 125750 | K16: =D16+F16+H16+J16 -> 305830
A17: 12 | B17: 北厝镇卫生院 | C17: 283 | D17: =C17*40 -> 11320 | E17: 292 | F17: =E17*40 -> 11680 | G17: 3482 | H17: =G17*40 -> 139280 | I17: 2449 | J17: =I17*50 -> 122450 | K17: =D17+F17+H17+J17 -> 284730
... A20: 15 | B20: 塘屿卫生院 | C20: 27 | D20: =C20*40 -> 1080 | E20: 27 | F20: =E20*40 -> 1080 | G20: 105 | H20: =G20*40 -> 4200 | I20: 95 | J20: =I20*50 -> 4750 | K20: =D20+F20+H20+J20 -> 11110
A21: 合计 | C21: =SUM(C6:C20) -> 3215 | D21: =SUM(D6:D20) -> 128600 | E21: =SUM(E6:E20) -> 3509 | F21: =SUM(F6:F20) -> 140360 | G21: =SUM(G6:G20) -> 39336 | H21: =SUM(H6:H20) -> 1573440 | I21: =SUM(I6:I20) -> 16174 | J21: =SUM(J6:J20) -> 808700 | K21: =SUM(K6:K20) -> 2651100

Sheet 附件2-1-5
A1: 附件2-1-5
A2: 2021年基本公共卫生服务孕产妇健康管理补助明细表
I3: 单位：元
A4: 序号 | B4: 单位 | C4: 孕早期管理 | E4: 孕期随访 | G4: 产后访视 | I4: 补助 金额 合计
C5: 辖区内孕13周之前建册并进行第一次产前检查的产妇人数 | D5: 应补金额 （120元/次） | E5: 孕期随访次数（每人4次） | F5: 应补金额 （20元/次） | G5: 辖区内产妇出院后28天内接受过产后访视的产妇人数 | H5: 应补金额 （含产后体检，80元/次）
A6: 1 | B6: 潭城镇社区卫生服务中心 | C6: 569 | D6: =C6*120 -> 68280 | E6: 2440 | F6: =E6*20 -> 48800 | G6: 571 | H6: =G6*80 -> 45680 | I6: =D6+F6+H6 -> 162760
A7: 2 | B7: 屿头乡卫生院 | C7: 108 | D7: =C7*120 -> 12960 | E7: 432 | F7: =E7*20 -> 8640 | G7: 111 | H7: =G7*80 -> 8880 | I7: =D7+F7+H7 -> 30480
A8: 3 | B8: 大练乡卫生院 | C8: 55 | D8: =C8*120 -> 6600 | E8: 244 | F8: =E8*20 -> 4880 | G8: 59 | H8: =G8*80 -> 4720 | I8: =D8+F8+H8 -> 16200
A9: 4 | B9: 苏澳镇卫生院 | C9: 244 | D9: =C9*120 -> 29280 | E9: 1008 | F9: =E9*20 -> 20160 | G9: 285 | H9: =G9*80 -> 22800 | I9: =D9+F9+H9 -> 72240
A10: 5 | B10: 平原镇卫生院 | C10: 173 | D10: =C10*120 -> 20760 | E10: 705 | F10: =E10*20 -> 14100 | G10: 191 | H10: =G10*80 -> 15280 | I10: =D10+F10+H10 -> 50140
A11: 6 | B11: 白青乡卫生院 | C11: 120 | D11: =C11*120 -> 14400 | E11: 498 | F11: =E11*20 -> 9960 | G11: 135 | H11: =G11*80 -> 10800 | I11: =D11+F11+H11 -> 35160
A12: 7 | B12: 中楼乡卫生院 | C12: 224 | D12: =C12*120 -> 26880 | E12: 740 | F12: =E12*20 -> 14800 | G12: 239 | H12: =G12*80 -> 19120 | I12: =D12+F12+H12 -> 60800
A13: 8 | B13: 流水镇中心卫生院 | C13: 381 | D13: =C13*120 -> 45720 | E13: 1536 | F13: =E13*20 -> 30720 | G13: 398 | H13: =G13*80 -> 31840 | I13: =D13+F13+H13 -> 108280
A14: 9 | B14: 东庠乡卫生院 | C14: 46 | D14: =C14*120 -> 5520 | E14: 282 | F14: =E14*20 -> 5640 | G14: 55 | H14: =G14*80 -> 4400 | I14: =D14+F14+H14 -> 15560
A15: 10 | B15: 岚城乡卫生院 | C15: 213 | D15: =C15*120 -> 25560 | E15: 1004 | F15: =E15*20 -> 20080 | G15: 238 | H15: =G15*80 -> 19040 | I15: =D15+F15+H15 -> 64680
A16: 11 | B16: 澳前镇卫生院 | C16: 381 | D16: =C16*120 -> 45720 | E16: 1544 | F16: =E16*20 -> 30880 | G16: 366 | H16: =G16*80 -> 29280 | I16: =D16+F16+H16 -> 105880
A17: 12 | B17: 北厝镇卫生院 | C17: 271 | D17: =C17*120 -> 32520 | E17: 1163 | F17: =E17*20 -> 23260 | G17: 283 | H17: =G17*80 -> 22640 | I17: =D17+F17+H17 -> 78420
... A20: 15 | B20: 塘屿卫生院 | C20: 16 | D20: =C20*120 -> 1920 | E20: 17 | F20: =E20*20 -> 340 | G20: 17 | H20: =G20*80 -> 1360 | I20: =D20+F20+H20 -> 3620
A21: 合计 | C21: =SUM(C6:C20) -> 3018 | D21: =SUM(D6:D20) -> 362160 | E21: =SUM(E6:E20) -> 12669 | F21: =SUM(F6:F20) -> 253380 | G21: =SUM(G6:G20) -> 3202 | H21: =SUM(H6:H20) -> 256160 | I21: =SUM(I6:I20) -> 871700

Sheet 附件2-1-6
A1: 附件2-1-6
A2: 2021年基本公共卫生老年人健康管理补助明细表
F3: 单位：元
A4: 序号 | B4: 单位 | C4: 老年人体检人数 | D4: 补助标准 （元/例） | E4: 补助金额 | F4: 备注
A5: 1 | B5: 潭城镇社区卫生服务中心 | C5: 5045 | D5: 200 | E5: =C5*D5 -> 1009000
A6: 2 | B6: 屿头乡卫生院 | C6: 1147 | D6: 200 | E6: =C6*D6 -> 229400
A7: 3 | B7: 大练乡卫生院 | C7: 420 | D7: 200 | E7: =C7*D7 -> 84000
A8: 4 | B8: 苏澳镇卫生院 | C8: 2259 | D8: 200 | E8: =C8*D8 -> 451800
A9: 5 | B9: 平原镇卫生院 | C9: 1460 | D9: 200 | E9: =C9*D9 -> 292000
A10: 6 | B10: 白青乡卫生院 | C10: 1187 | D10: 200 | E10: =C10*D10 -> 237400
A11: 7 | B11: 中楼乡卫生院 | C11: 1973 | D11: 200 | E11: =C11*D11 -> 394600
A12: 8 | B12: 流水镇中心卫生院 | C12: 3140 | D12: 200 | E12: =C12*D12 -> 628000
A13: 9 | B13: 东庠乡卫生院 | C13: 501 | D13: 200 | E13: =C13*D13 -> 100200
A14: 10 | B14: 岚城乡卫生院 | C14: 1848 | D14: 200 | E14: =C14*D14 -> 369600
A15: 11 | B15: 澳前镇卫生院 | C15: 3191 | D15: 200 | E15: =C15*D15 -> 638200
A16: 12 | B16: 北厝镇卫生院 | C16: 2665 | D16: 200 | E16: =C16*D16 -> 533000
... A19: 15 | B19: 塘屿卫生院 | C19: 269 | D19: 200 | E19: =C19*D19 -> 53800
A20: 合计 | C20: =SUM(C5:C19) -> 27488 | E20: =SUM(E5:E19) -> 5497600

Sheet 附件2-1-7
A1: 附件2-1-7
A2: 2021年基本公共卫生高血压患者健康管理补助明细表
F3: 单位：元
A4: 序号 | B4: 单位 | C4: 按照规范要求进行高血压患者健康管理的人数 | D4: 补助标准 （元/例） | E4: 补助金额 | F4: 备注
A5: 1 | B5: 潭城镇社区卫生服务中心 | C5: 3860 | D5: 270 | E5: =C5*D5 -> 1042200
A6: 2 | B6: 屿头乡卫生院 | C6: 868 | D6: 270 | E6: =C6*D6 -> 234360
A7: 3 | B7: 大练乡卫生院 | C7: 287 | D7: 270 | E7: =C7*D7 -> 77490
A8: 4 | B8: 苏澳镇卫生院 | C8: 1526 | D8: 270 | E8: =C8*D8 -> 412020
A9: 5 | B9: 平原镇卫生院 | C9: 1010 | D9: 270 | E9: =C9*D9 -> 272700
A10: 6 | B10: 白青乡卫生院 | C10: 728 | D10: 270 | E10: =C10*D10 -> 196560
A11: 7 | B11: 中楼乡卫生院 | C11: 1413 | D11: 270 | E11: =C11*D11 -> 381510
A12: 8 | B12: 流水镇中心卫生院 | C12: 2076 | D12: 270 | E12: =C12*D12 -> 560520
A13: 9 | B13: 东庠乡卫生院 | C13: 382 | D13: 270 | E13: =C13*D13 -> 103140
A14: 10 | B14: 岚城乡卫生院 | C14: 1279 | D14: 270 | E14: =C14*D14 -> 345330
A15: 11 | B15: 澳前镇卫生院 | C15: 2122 | D15: 270 | E15: =C15*D15 -> 572940
A16: 12 | B16: 北厝镇卫生院 | C16: 1727 | D16: 270 | E16: =C16*D16 -> 466290
... A19: 15 | B19: 塘屿卫生院 | C19: 200 | D19: 270 | E19: =C19*D19 -> 54000
A20: 合计 | C20: =SUM(C5:C19) -> 19067 | E20: =SUM(E5:E19) -> 5148090

Sheet 附件2-1-8
A1: 附件2-1-8
A2: 2021年基本公共卫生2型糖尿病患者健康管理补助明细表
F3: 单位：元
A4: 序号 | B4: 单位 | C4: 按照规范要求进行2型糖尿病患者健康管理的人数 | D4: 补助标准 （元/例） | E4: 补助金额 | F4: 备注
A5: 1 | B5: 潭城镇社区卫生服务中心 | C5: 1480 | D5: 270 | E5: =C5*D5 -> 399600
A6: 2 | B6: 屿头乡卫生院 | C6: 296 | D6: 270 | E6: =C6*D6 -> 79920
A7: 3 | B7: 大练乡卫生院 | C7: 76 | D7: 270 | E7: =C7*D7 -> 20520
A8: 4 | B8: 苏澳镇卫生院 | C8: 523 | D8: 270 | E8: =C8*D8 -> 141210
A9: 5 | B9: 平原镇卫生院 | C9: 335 | D9: 270 | E9: =C9*D9 -> 90450
A10: 6 | B10: 白青乡卫生院 | C10: 276 | D10: 270 | E10: =C10*D10 -> 74520
A11: 7 | B11: 中楼乡卫生院 | C11: 492 | D11: 270 | E11: =C11*D11 -> 132840
A12: 8 | B12: 流水镇中心卫生院 | C12: 694 | D12: 270 | E12: =C12*D12 -> 187380
A13: 9 | B13: 东庠乡卫生院 | C13: 74 | D13: 270 | E13: =C13*D13 -> 19980
A14: 10 | B14: 岚城乡卫生院 | C14: 444 | D14: 270 | E14: =C14*D14 -> 119880
A15: 11 | B15: 澳前镇卫生院 | C15: 662 | D15: 270 | E15: =C15*D15 -> 178740
A16: 12 | B16: 北厝镇卫生院 | C16: 567 | D16: 270 | E16: =C16*D16 -> 153090
... A19: 15 | B19: 塘屿卫生院 | C19: 66 | D19: 270 | E19: =C19*D19 -> 17820
A20: 合计 | C20: =SUM(C5:C19) -> 6536 | E20: =SUM(E5:E19) -> 1764720

Sheet 附件2-1-9
A1: 附件2-1-9
A2: 2021年基本公共卫生严重精神障碍患者管理补助明细表
F3: 单位：元
A4: 序号 | B4: 单位 | C4: 辖区内按照规范要求进行管理的严重精神障碍患者人数 | D4: 补助标准 （元/例） | E4: 补助金额 | F4: 备注
A5: 1 | B5: 潭城镇社区卫生服务中心 | C5: 303 | D5: 270 | E5: =C5*D5 -> 81810
A6: 2 | B6: 屿头乡卫生院 | C6: 66 | D6: 270 | E6: =C6*D6 -> 17820
A7: 3 | B7: 大练乡卫生院 | C7: 28 | D7: 270 | E7: =C7*D7 -> 7560
A8: 4 | B8: 苏澳镇卫生院 | C8: 185 | D8: 270 | E8: =C8*D8 -> 49950
A9: 5 | B9: 平原镇卫生院 | C9: 116 | D9: 270 | E9: =C9*D9 -> 31320
A10: 6 | B10: 白青乡卫生院 | C10: 83 | D10: 270 | E10: =C10*D10 -> 22410
A11: 7 | B11: 中楼乡卫生院 | C11: 134 | D11: 270 | E11: =C11*D11 -> 36180
A12: 8 | B12: 流水镇中心卫生院 | C12: 227 | D12: 270 | E12: =C12*D12 -> 61290
A13: 9 | B13: 东庠乡卫生院 | C13: 43 | D13: 270 | E13: =C13*D13 -> 11610
A14: 10 | B14: 岚城乡卫生院 | C14: 119 | D14: 270 | E14: =C14*D14 -> 32130
A15: 11 | B15: 澳前镇卫生院 | C15: 218 | D15: 270 | E15: =C15*D15 -> 58860
A16: 12 | B16: 北厝镇卫生院 | C16: 144 | D16: 270 | E16: =C16*D16 -> 38880
... A19: 15 | B19: 塘屿卫生院 | C19: 24 | D19: 270 | E19: =C19*D19 -> 6480
A20: 合计 | C20: =SUM(C5:C19) -> 1867 | E20: =SUM(E5:E19) -> 504090

Sheet 附件2-1-10
A1: 附件2-1-10
A2: 2021年基本公共卫生肺结核患者健康管理补助明细表
G3: 单位：元
A4: 序号 | B4: 单位 | C4: 第一次入户随访 | E4: 督导服药及完成治疗 | G4: 补助 金额 合计
C5: 已管理的肺结核患者人数 | D5: 应补金额（45元/例） | E5: 按照要求规则服药的肺结核患者人数 | F5: 应补金额（105元/例）
A6: 1 | B6: 潭城镇社区卫生服务中心 | C6: 16 | D6: =C6*45 -> 720 | E6: 2 | F6: =E6*105 -> 210 | G6: =D6+F6 -> 930
A7: 2 | B7: 屿头乡卫生院 | C7: 5 | D7: =C7*45 -> 225 | E7: 1 | F7: =E7*105 -> 105 | G7: =D7+F7 -> 330
A8: 3 | B8: 大练乡卫生院 | C8: 1 | D8: =C8*45 -> 45 | E8: 0 | F8: =E8*105 -> 0 | G8: =D8+F8 -> 45
A9: 4 | B9: 苏澳镇卫生院 | C9: 7 | D9: =C9*45 -> 315 | E9: 1 | F9: =E9*105 -> 105 | G9: =D9+F9 -> 420
A10: 5 | B10: 平原镇卫生院 | C10: 7 | D10: =C10*45 -> 315 | E10: 2 | F10: =E10*105 -> 210 | G10: =D10+F10 -> 525
A11: 6 | B11: 白青乡卫生院 | C11: 6 | D11: =C11*45 -> 270 | E11: 2 | F11: =E11*105 -> 210 | G11: =D11+F11 -> 480
A12: 7 | B12: 中楼乡卫生院 | C12: 3 | D12: =C12*45 -> 135 | E12: 10 | F12: =E12*105 -> 1050 | G12: =D12+F12 -> 1185
A13: 8 | B13: 流水镇中心卫生院 | C13: 10 | D13: =C13*45 -> 450 | E13: 12 | F13: =E13*105 -> 1260 | G13: =D13+F13 -> 1710
A14: 9 | B14: 东庠乡卫生院 | C14: 7 | D14: =C14*45 -> 315 | E14: 1 | F14: =E14*105 -> 105 | G14: =D14+F14 -> 420
A15: 10 | B15: 岚城乡卫生院 | C15: 12 | D15: =C15*45 -> 540 | E15: 8 | F15: =E15*105 -> 840 | G15: =D15+F15 -> 1380
A16: 11 | B16: 澳前镇卫生院 | C16: 12 | D16: =C16*45 -> 540 | E16: 11 | F16: =E16*105 -> 1155 | G16: =D16+F16 -> 1695
A17: 12 | B17: 北厝镇卫生院 | C17: 12 | D17: =C17*45 -> 540 | E17: 1 | F17: =E17*105 -> 105 | G17: =D17+F17 -> 645
... A20: 15 | B20: 塘屿卫生院 | C20: 1 | D20: =C20*45 -> 45 | E20: 1 | F20: =E20*105 -> 105 | G20: =D20+F20 -> 150
A21: 合计 | C21: =SUM(C6:C20) -> 113 | D21: =SUM(D6:D20) -> 5085 | E21: =SUM(E6:E20) -> 63 | F21: =SUM(F6:F20) -> 6615 | G21: =SUM(G6:G20) -> 11700

Sheet 附件2-1-11
A1: 附件2-1-11
A2: 2021年基本公共卫生中医健康服务补助明细表
H3: 单位：元
A4: 序号 | B4: 单位 | C4: 0-36个月儿童中医健康管理 | F4: 老年人中医药健康管理 | H4: 补助 金额 合计
C5: 按照月龄接受中医药健康管理服务的儿童数 | D5: 0-36个月儿童接受中医药健康管理服务的次数（2次/年） | E5: 应补金额（30元/次） | F5: 接受中医药健康管理服务65岁及以上老年人数 | G5: 应补金额（30元/次）
A6: 1 | B6: 潭城镇社区卫生服务中心 | C6: 1327 | D6: =C6*2 -> 2654 | E6: =D6*30 -> 79620 | F6: 4685 | G6: =F6*30 -> 140550 | H6: =E6+G6 -> 220170
A7: 2 | B7: 屿头乡卫生院 | C7: 315 | D7: =C7*2 -> 630 | E7: =D7*30 -> 18900 | F7: 943 | G7: =F7*30 -> 28290 | H7: =E7+G7 -> 47190
A8: 3 | B8: 大练乡卫生院 | C8: 106 | D8: =C8*2 -> 212 | E8: =D8*30 -> 6360 | F8: 386 | G8: =F8*30 -> 11580 | H8: =E8+G8 -> 17940
A9: 4 | B9: 苏澳镇卫生院 | C9: 709 | D9: =C9*2 -> 1418 | E9: =D9*30 -> 42540 | F9: 2128 | G9: =F9*30 -> 63840 | H9: =E9+G9 -> 106380
A10: 5 | B10: 平原镇卫生院 | C10: 470 | D10: =C10*2 -> 940 | E10: =D10*30 -> 28200 | F10: 1173 | G10: =F10*30 -> 35190 | H10: =E10+G10 -> 63390
A11: 6 | B11: 白青乡卫生院 | C11: 251 | D11: =C11*2 -> 502 | E11: =D11*30 -> 15060 | F11: 1048 | G11: =F11*30 -> 31440 | H11: =E11+G11 -> 46500
A12: 7 | B12: 中楼乡卫生院 | C12: 590 | D12: =C12*2 -> 1180 | E12: =D12*30 -> 35400 | F12: 1687 | G12: =F12*30 -> 50610 | H12: =E12+G12 -> 86010
A13: 8 | B13: 流水镇中心卫生院 | C13: 1027 | D13: =C13*2 -> 2054 | E13: =D13*30 -> 61620 | F13: 2655 | G13: =F13*30 -> 79650 | H13: =E13+G13 -> 141270
A14: 9 | B14: 东庠乡卫生院 | C14: 218 | D14: =C14*2 -> 436 | E14: =D14*30 -> 13080 | F14: 462 | G14: =F14*30 -> 13860 | H14: =E14+G14 -> 26940
A15: 10 | B15: 岚城乡卫生院 | C15: 580 | D15: =C15*2 -> 1160 | E15: =D15*30 -> 34800 | F15: 1660 | G15: =F15*30 -> 49800 | H15: =E15+G15 -> 84600
A16: 11 | B16: 澳前镇卫生院 | C16: 830 | D16: =C16*2 -> 1660 | E16: =D16*30 -> 49800 | F16: 2435 | G16: =F16*30 -> 73050 | H16: =E16+G16 -> 122850
A17: 12 | B17: 北厝镇卫生院 | C17: 729 | D17: =C17*2 -> 1458 | E17: =D17*30 -> 43740 | F17: 2447 | G17: =F17*30 -> 73410 | H17: =E17+G17 -> 117150
... A20: 15 | B20: 塘屿卫生院 | C20: 53 | D20: =C20*2 -> 106 | E20: =D20*30 -> 3180 | F20: 244 | G20: =F20*30 -> 7320 | H20: =E20+G20 -> 10500
A21: 合计 | C21: =SUM(C6:C20) -> 7701 | D21: =SUM(D6:D20) -> 15402 | E21: =SUM(E6:E20) -> 462060 | F21: =SUM(F6:F20) -> 24063 | G21: =SUM(G6:G20) -> 721890 | H21: =SUM(H6:H20) -> 1183950

Sheet 附件2-1-12
A1: 附件2-1-12
A2: 2021年基本公共卫生传染病及突发公共卫生事件报告和处理补助明细表
H3: 单位：元
A4: 序号 | B4: 单位 | C4: 基本情况 | F4: 配合开展相关工作 | H4: 补助金额
C5: 承担公共卫生的村卫生所数 | D5: 空白村数（含邻近代管） | E5: 应补助村卫生所个数 | F5: 乡 镇 应补金额 （15000元/次） | G5: 村 所 应补金额 （1000元/所）
A6: 1 | B6: 潭城镇社区卫生服务中心 | C6: 2 | D6: 16 | E6: =C6+D6 -> 18 | F6: 15000 | G6: =E6*1000 -> 18000 | H6: =F6+G6 -> 33000
A7: 2 | B7: 屿头乡卫生院 | C7: 8 | D7: 3 | E7: =C7+D7 -> 11 | F7: 15000 | G7: =E7*1000 -> 11000 | H7: =F7+G7 -> 26000
A8: 3 | B8: 大练乡卫生院 | C8: 1 | D8: 6 | E8: =C8+D8 -> 7 | F8: 15000 | G8: =E8*1000 -> 7000 | H8: =F8+G8 -> 22000
A9: 4 | B9: 苏澳镇卫生院 | C9: 10 | D9: 8 | E9: =C9+D9 -> 18 | F9: 15000 | G9: =E9*1000 -> 18000 | H9: =F9+G9 -> 33000
A10: 5 | B10: 平原镇卫生院 | C10: 7 | D10: 7 | E10: =C10+D10 -> 14 | F10: 15000 | G10: =E10*1000 -> 14000 | H10: =F10+G10 -> 29000
A11: 6 | B11: 白青乡卫生院 | C11: 8 | D11: 2 | E11: =C11+D11 -> 10 | F11: 15000 | G11: =E11*1000 -> 10000 | H11: =F11+G11 -> 25000
A12: 7 | B12: 中楼乡卫生院 | C12: 17 | D12: 1 | E12: =C12+D12 -> 18 | F12: 15000 | G12: =E12*1000 -> 18000 | H12: =F12+G12 -> 33000
A13: 8 | B13: 流水镇中心卫生院 | C13: 20 | D13: 6 | E13: =C13+D13 -> 26 | F13: 15000 | G13: =E13*1000 -> 26000 | H13: =F13+G13 -> 41000
A14: 9 | B14: 东庠乡卫生院 | C14: 1 | D14: 7 | E14: =C14+D14 -> 8 | F14: 15000 | G14: =E14*1000 -> 8000 | H14: =F14+G14 -> 23000
A15: 10 | B15: 岚城乡卫生院 | C15: 12 | D15: 1 | E15: =C15+D15 -> 13 | F15: 15000 | G15: =E15*1000 -> 13000 | H15: =F15+G15 -> 28000
A16: 11 | B16: 澳前镇卫生院 | C16: 17 | D16: 5 | E16: =C16+D16 -> 22 | F16: 15000 | G16: =E16*1000 -> 22000 | H16: =F16+G16 -> 37000
A17: 12 | B17: 北厝镇卫生院 | C17: 20 | D17: 1 | E17: =C17+D17 -> 21 | F17: 15000 | G17: =E17*1000 -> 21000 | H17: =F17+G17 -> 36000
... A20: 15 | B20: 塘屿卫生院 | C20: 2 | D20: 0 | E20: =C20+D20 -> 2 | F20: 15000 | G20: =E20*1000 -> 2000 | H20: =F20+G20 -> 17000
A21: 合计 | C21: =SUM(C6:C20) -> 142 | D21: =SUM(D6:D20) -> 68 | E21: =SUM(E6:E20) -> 210 | F21: =SUM(F6:F20) -> 225000 | G21: =SUM(G6:G20) -> 210000 | H21: =SUM(H6:H20) -> 435000

Sheet 附件2-1-13
A1: 附件2-1-13
A2: 2021年基本公共卫生卫生计生监督协管服务管理补助明细表
J3: 单位：元
A4: 序号 | B4: 单位 | C4: 基本情况 | F4: 配合开展饮用水卫生、学校卫生、非法行医和非法采供血、计划生育事件和线索的信息登记报告 | H4: 建立监督对象的本底档案，协助定期开展饮用水卫生、学校卫生、非法行医、非法采供血和计划生育巡查巡访 | J4: 补助 金额 合计
C5: 承担公共卫生的村卫生所数 | D5: 空白村数（含邻近代管） | E5: 应补助村卫生所个数 | F5: 乡镇应补金额 （15000元/院） | G5: 村所应补金额 （1000元/所） | H5: 乡镇应补金额 （20000元/院） | I5: 村所应补金额 （1000元/所）
A6: 1 | B6: 潭城镇社区卫生服务中心 | C6: 2 | D6: 16 | E6: =C6+D6 -> 18 | F6: 15000 | G6: =E6*1000 -> 18000 | H6: 20000 | I6: =1000*E6 -> 18000 | J6: =SUM(F6:I6) -> 71000
A7: 2 | B7: 屿头乡卫生院 | C7: 8 | D7: 3 | E7: =C7+D7 -> 11 | F7: 15000 | G7: =E7*1000 -> 11000 | H7: 20000 | I7: =1000*E7 -> 11000 | J7: =SUM(F7:I7) -> 57000
A8: 3 | B8: 大练乡卫生院 | C8: 1 | D8: 6 | E8: =C8+D8 -> 7 | F8: 15000 | G8: =E8*1000 -> 7000 | H8: 20000 | I8: =1000*E8 -> 7000 | J8: =SUM(F8:I8) -> 49000
A9: 4 | B9: 苏澳镇卫生院 | C9: 8 | D9: 10 | E9: =C9+D9 -> 18 | F9: 15000 | G9: =E9*1000 -> 18000 | H9: 20000 | I9: =1000*E9 -> 18000 | J9: =SUM(F9:I9) -> 71000
A10: 5 | B10: 平原镇卫生院 | C10: 9 | D10: 5 | E10: =C10+D10 -> 14 | F10: 15000 | G10: =E10*1000 -> 14000 | H10: 20000 | I10: =1000*E10 -> 14000 | J10: =SUM(F10:I10) -> 63000
A11: 6 | B11: 白青乡卫生院 | C11: 8 | D11: 2 | E11: =C11+D11 -> 10 | F11: 15000 | G11: =E11*1000 -> 10000 | H11: 20000 | I11: =1000*E11 -> 10000 | J11: =SUM(F11:I11) -> 55000
A12: 7 | B12: 中楼乡卫生院 | C12: 12 | D12: 6 | E12: =C12+D12 -> 18 | F12: 15000 | G12: =E12*1000 -> 18000 | H12: 20000 | I12: =1000*E12 -> 18000 | J12: =SUM(F12:I12) -> 71000
A13: 8 | B13: 流水镇中心卫生院 | C13: 20 | D13: 6 | E13: =C13+D13 -> 26 | F13: 15000 | G13: =E13*1000 -> 26000 | H13: 20000 | I13: =1000*E13 -> 26000 | J13: =SUM(F13:I13) -> 87000
A14: 9 | B14: 东庠乡卫生院 | C14: 1 | D14: 7 | E14: =C14+D14 -> 8 | F14: 15000 | G14: =E14*1000 -> 8000 | H14: 20000 | I14: =1000*E14 -> 8000 | J14: =SUM(F14:I14) -> 51000
A15: 10 | B15: 岚城乡卫生院 | C15: 12 | D15: 1 | E15: =C15+D15 -> 13 | F15: 15000 | G15: =E15*1000 -> 13000 | H15: 20000 | I15: =1000*E15 -> 13000 | J15: =SUM(F15:I15) -> 61000
A16: 11 | B16: 澳前镇卫生院 | C16: 17 | D16: 5 | E16: =C16+D16 -> 22 | F16: 15000 | G16: =E16*1000 -> 22000 | H16: 20000 | I16: =1000*E16 -> 22000 | J16: =SUM(F16:I16) -> 79000
A17: 12 | B17: 北厝镇卫生院 | C17: 19 | D17: 2 | E17: =C17+D17 -> 21 | F17: 15000 | G17: =E17*1000 -> 21000 | H17: 20000 | I17: =1000*E17 -> 21000 | J17: =SUM(F17:I17) -> 77000
... A20: 15 | B20: 塘屿卫生院 | C20: 2 | D20: 0 | E20: =C20+D20 -> 2 | F20: 15000 | G20: =E20*1000 -> 2000 | H20: 20000 | I20: =1000*E20 -> 2000 | J20: =SUM(F20:I20) -> 39000
A21: 合计 | C21: =SUM(C6:C20) -> 136 | D21: =SUM(D6:D20) -> 74 | E21: =SUM(E6:E20) -> 210 | F21: =SUM(F6:F20) -> 225000 | G21: =SUM(G6:G20) -> 210000 | H21: =SUM(H6:H20) -> 300000 | I21: =SUM(I6:I20) -> 210000 | J21: =SUM(J6:J20) -> 945000

Sheet 附件2-2
A1: 附件2-2
A2: 2021年基本公共卫生项目疫情防控经费补助明细表
F3: 单位：元
A4: 序号 | B4: 单位 | C4: 服务人口 （人） | D4: 补助标准 （元/人） | E4: 补助金额 | F4: 备注
A5: 1 | B5: 潭城镇社区卫生服务中心 | C5: 79217 | D5: 5 | E5: =C5*D5 -> 396085
A6: 2 | B6: 屿头乡卫生院 | C6: 14698 | D6: 5 | E6: =C6*D6 -> 73490
A7: 3 | B7: 大练乡卫生院 | C7: 6731 | D7: 5 | E7: =C7*D7 -> 33655
A8: 4 | B8: 苏澳镇卫生院 | C8: 31048 | D8: 5 | E8: =C8*D8 -> 155240
A9: 5 | B9: 平原镇卫生院 | C9: 20500 | D9: 5 | E9: =C9*D9 -> 102500
A10: 6 | B10: 白青乡卫生院 | C10: 14937 | D10: 5 | E10: =C10*D10 -> 74685
A11: 7 | B11: 中楼乡卫生院 | C11: 27471 | D11: 5 | E11: =C11*D11 -> 137355
A12: 8 | B12: 流水镇中心卫生院 | C12: 43131 | D12: 5 | E12: =C12*D12 -> 215655
A13: 9 | B13: 东庠乡卫生院 | C13: 8000 | D13: 5 | E13: =C13*D13 -> 40000
A14: 10 | B14: 岚城乡卫生院 | C14: 27775 | D14: 5 | E14: =C14*D14 -> 138875
A15: 11 | B15: 澳前镇卫生院 | C15: 40893 | D15: 5 | E15: =C15*D15 -> 204465
A16: 12 | B16: 北厝镇卫生院 | C16: 31887 | D16: 5 | E16: =C16*D16 -> 159435
... A19: 15 | B19: 塘屿卫生院 | C19: 4250 | D19: 5 | E19: =C19*D19 -> 21250
A20: 合计 | C20: =SUM(C5:C19) -> 386000 | E20: =SUM(E5:E19) -> 1930000

Sheet 附件2-3
A1: 附件2-3
A2: 2021年基本公共卫生项目评价名次奖惩明细表
F3: 单位：元
A4: 序号 | B4: 单位 | C4: 绩效考核分数 | D4: 名次 | E4: 考核分数补助 | F4: 备注
A5: 1 | B5: 潭城镇社区卫生服务中心 | C5: 96.76 | D5: 第一名 | E5: 80000
A6: 2 | B6: 北厝镇卫生院 | C6: 96.51 | D6: 第二名 | E6: 70000
A7: 3 | B7: 流水镇中心卫生院 | C7: 96.25 | D7: 第三名 | E7: 50000
A8: 4 | B8: 塘屿卫生院 | C8: 88.07 | D8: 最后一名 | E8: -5000
A9: 合计 | E9: =SUM(E5:E8) -> 195000

Sheet 附件2-4
A1: 附件2-4
A2: 2021年基本公共卫生家庭医生签约服务补助明细表
G3: 单位：元
A4: 序号 | B4: 单位 | C4: 全年平均家庭签约人数 （人） | D4: 补助标准 （元/人） | E4: 考核分数 | F4: 考核分数补助 | G4: 备注
A5: 1 | B5: 潭城镇社区卫生服务中心 | C5: 22227 | D5: 30 | E5: 64.99 | F5: 433360
A6: 2 | B6: 屿头乡卫生院 | C6: 7220 | D6: 30 | E6: 72.6 | F6: 157252
A7: 3 | B7: 大练乡卫生院 | C7: 3442 | D7: 30 | E7: 70.97 | F7: 73284
A8: 4 | B8: 苏澳镇卫生院 | C8: 12442 | D8: 30 | E8: 61.55 | F8: 229742
A9: 5 | B9: 平原镇卫生院 | C9: 7420 | D9: 30 | E9: 66.41 | F9: 147829
A10: 6 | B10: 白青乡卫生院 | C10: 6399 | D10: 30 | E10: 60.9 | F10: 116910
A11: 7 | B11: 中楼乡卫生院 | C11: 13628 | D11: 30 | E11: 74.02 | F11: 302623
A12: 8 | B12: 流水镇中心卫生院 | C12: 19025 | D12: 30 | E12: 63.89 | F12: 364652
A13: 9 | B13: 东庠乡卫生院 | C13: 3830 | D13: 30 | E13: 82.32 | F13: 94586
A14: 10 | B14: 岚城乡卫生院 | C14: 8317 | D14: 30 | E14: 61.34 | F14: 153049
A15: 11 | B15: 澳前镇卫生院 | C15: 8537 | D15: 30 | E15: 71.8 | F15: 183887
A16: 12 | B16: 北厝镇卫生院 | C16: 11415 | D16: 30 | E16: 61.58 | F16: 210881
... A19: 15 | B19: 塘屿卫生院 | C19: 1140 | D19: 30 | E19: 74.07 | F19: 25332
A20: 合计 | C20: =SUM(C5:C19) -> 137610 | F20: =SUM(F5:F19) -> 2766252
A22: 备注：全年平均家庭签约人数人员数按2020年11月至2021年10月份月均签约人数合计除以12月；

Sheet 附件2-5
A1: 附件2-5
A2: 2021年基本公共卫生考核分数补助明细表
G3: 单位：元
A4: 序号 | B4: 单位 | C4: 服务人口 （人） | D4: 补助标准 （元/人） | E4: 考核分数 | F4: 考核分数补助 | G4: 备注
A5: 1 | B5: 潭城镇社区卫生服务中心 | C5: 79217 | D5: 0.3912116 | E5: 96.76 | F5: =C5*D5*E5/100 -> 29986.514
A6: 2 | B6: 屿头乡卫生院 | C6: 14698 | D6: 0.3912116 | E6: 92 | F6: =C6*D6*E6/100 -> 5290.0258
A7: 3 | B7: 大练乡卫生院 | C7: 6731 | D7: 0.3912116 | E7: 89.85 | F7: =C7*D7*E7/100 -> 2365.9709
A8: 4 | B8: 苏澳镇卫生院 | C8: 31048 | D8: 0.3912116 | E8: 95.77 | F8: =C8*D8*E8/100 -> 11632.548
A9: 5 | B9: 平原镇卫生院 | C9: 20500 | D9: 0.3912116 | E9: 95.17 | F9: =C9*D9*E9/100 -> 7632.4796
A10: 6 | B10: 白青乡卫生院 | C10: 14937 | D10: 0.3912116 | E10: 94.36 | F10: =C10*D10*E10/100 -> 5513.9527
A11: 7 | B11: 中楼乡卫生院 | C11: 27471 | D11: 0.3912116 | E11: 95.77 | F11: =C11*D11*E11/100 -> 10292.377
A12: 8 | B12: 流水镇中心卫生院 | C12: 43131 | D12: 0.3912116 | E12: 96.25 | F12: =C12*D12*E12/100 -> 16240.597
A13: 9 | B13: 东庠乡卫生院 | C13: 8000 | D13: 0.3912116 | E13: 91.11 | F13: =C13*D13*E13/100 -> 2851.4631
A14: 10 | B14: 岚城乡卫生院 | C14: 27775 | D14: 0.3912116 | E14: 94.85 | F14: =C14*D14*E14/100 -> 10306.308
A15: 11 | B15: 澳前镇卫生院 | C15: 40893 | D15: 0.3912116 | E15: 96.01 | F15: =C15*D15*E15/100 -> 15359.503
A16: 12 | B16: 北厝镇卫生院 | C16: 31887 | D16: 0.3912116 | E16: 96.51 | F16: =C16*D16*E16/100 -> 12039.202
... A19: 15 | B19: 塘屿卫生院 | C19: 4250 | D19: 0.3912116 | E19: 88.07 | F19: =C19*D19*E19/100 -> 1464.2952
A20: 合计 | C20: =SUM(C5:C19) -> 386000 | F20: =SUM(F5:F19) -> 144090
